candidate_id,name,game,source_url,checked_date,status
research_001,Flappy,VALORANT,https://valorantcrosshair.org/crosshairs,2026-10-04,listing_observed_settings_unverified
research_002,Heart when fire,VALORANT,https://valorantcrosshair.org/crosshairs,2026-10-04,listing_observed_settings_unverified
research_003,peach,VALORANT,https://valorantcrosshair.org/crosshairs,2026-10-04,listing_observed_settings_unverified
research_004,Sakura,VALORANT,https://valorantcrosshair.org/crosshairs,2026-10-04,listing_observed_settings_unverified
research_005,Steve,VALORANT,https://valorantcrosshair.org/crosshairs,2026-10-04,listing_observed_settings_unverified
research_006,Candy,VALORANT,https://valorantcrosshair.org/crosshairs,2026-10-04,listing_observed_settings_unverified
research_007,Cursor,VALORANT,https://valorantcrosshair.org/crosshairs,2026-10-04,listing_observed_settings_unverified
research_008,Glasses,VALORANT,https://valorantcrosshair.org/crosshairs,2026-10-04,listing_observed_settings_unverified
research_009,JOLLZTV,VALORANT,https://valorantcrosshair.org/crosshairs,2026-10-04,listing_observed_settings_unverified
research_010,Fishnet,VALORANT,https://valorantcrosshair.org/crosshairs,2026-10-04,listing_observed_settings_unverified
research_011,Mahluna,VALORANT,https://valorantcrosshair.org/crosshairs,2026-10-04,listing_observed_settings_unverified
research_012,Patiphan,VALORANT,https://valorantcrosshair.org/crosshairs,2026-10-04,listing_observed_settings_unverified
research_013,Floppy,VALORANT,https://valorantcrosshair.org/crosshairs,2026-10-04,listing_observed_settings_unverified
research_014,Autimatic,VALORANT,https://valorantcrosshair.org/crosshairs,2026-10-04,listing_observed_settings_unverified
research_015,Dafran,VALORANT,https://valorantcrosshair.org/crosshairs,2026-10-04,listing_observed_settings_unverified
research_016,Nitr0,VALORANT,https://valorantcrosshair.org/crosshairs,2026-10-04,listing_observed_settings_unverified
research_017,NBK,VALORANT,https://valorantcrosshair.org/crosshairs,2026-10-04,listing_observed_settings_unverified
research_018,Tarik,VALORANT,https://valorantcrosshair.org/crosshairs,2026-10-04,listing_observed_settings_unverified
research_019,Horcus,VALORANT,https://valorantcrosshair.org/crosshairs,2026-10-04,listing_observed_settings_unverified
research_020,JASONR,VALORANT,https://valorantcrosshair.org/crosshairs,2026-10-04,listing_observed_settings_unverified
research_021,Kyedae,VALORANT,https://valorantcrosshair.org/crosshairs,2026-10-04,listing_observed_settings_unverified
research_022,Ninja,VALORANT,https://valorantcrosshair.org/crosshairs,2026-10-04,listing_observed_settings_unverified
research_023,Dizzy,VALORANT,https://valorantcrosshair.org/crosshairs,2026-10-04,listing_observed_settings_unverified
research_024,N0thing,VALORANT,https://valorantcrosshair.org/crosshairs,2026-10-04,listing_observed_settings_unverified
research_025,Summit1g,VALORANT,https://valorantcrosshair.org/crosshairs,2026-10-04,listing_observed_settings_unverified
research_026,RUBINO,VALORANT,https://valorantcrosshair.org/crosshairs,2026-10-04,listing_observed_settings_unverified
research_027,DaZeD,VALORANT,https://valorantcrosshair.org/crosshairs,2026-10-04,listing_observed_settings_unverified
research_028,Shinobi,VALORANT,https://valorantcrosshair.org/crosshairs,2026-10-04,listing_observed_settings_unverified
research_029,Relyks,VALORANT,https://valorantcrosshair.org/crosshairs,2026-10-04,listing_observed_settings_unverified
research_030,DavidP,VALORANT,https://valorantcrosshair.org/crosshairs,2026-10-04,listing_observed_settings_unverified
research_031,Drone,VALORANT,https://valorantcrosshair.org/crosshairs,2026-10-04,listing_observed_settings_unverified
research_032,Cutler,VALORANT,https://valorantcrosshair.org/crosshairs,2026-10-04,listing_observed_settings_unverified
research_033,b0i,VALORANT,https://valorantcrosshair.org/crosshairs,2026-10-04,listing_observed_settings_unverified
research_034,Ec1s,VALORANT,https://valorantcrosshair.org/crosshairs,2026-10-04,listing_observed_settings_unverified
research_035,AZK,VALORANT,https://valorantcrosshair.org/crosshairs,2026-10-04,listing_observed_settings_unverified
research_036,Seb,VALORANT,https://valorantcrosshair.org/crosshairs,2026-10-04,listing_observed_settings_unverified
research_037,Skadoodle,VALORANT,https://valorantcrosshair.org/crosshairs,2026-10-04,listing_observed_settings_unverified
research_038,Lakia,VALORANT,https://valorantcrosshair.org/crosshairs,2026-10-04,listing_observed_settings_unverified
research_039,Pyth,VALORANT,https://valorantcrosshair.org/crosshairs,2026-10-04,listing_observed_settings_unverified
research_040,paTiTek,VALORANT,https://valorantcrosshair.org/crosshairs,2026-10-04,listing_observed_settings_unverified
research_041,ShadoW,VALORANT,https://valorantcrosshair.org/crosshairs,2026-10-04,listing_observed_settings_unverified
research_042,Aimdll,VALORANT,https://valorantcrosshair.org/crosshairs,2026-10-04,listing_observed_settings_unverified
research_043,pAura,VALORANT,https://valorantcrosshair.org/crosshairs,2026-10-04,listing_observed_settings_unverified
research_044,Doma,VALORANT,https://valorantcrosshair.org/crosshairs,2026-10-04,listing_observed_settings_unverified
research_045,Dimasick,VALORANT,https://valorantcrosshair.org/crosshairs,2026-10-04,listing_observed_settings_unverified
research_046,Shanks,VALORANT,https://valorantcrosshair.org/crosshairs,2026-10-04,listing_observed_settings_unverified
research_047,Koldamenta,VALORANT,https://valorantcrosshair.org/crosshairs,2026-10-04,listing_observed_settings_unverified
research_048,Al0rante,VALORANT,https://valorantcrosshair.org/crosshairs,2026-10-04,listing_observed_settings_unverified
research_049,KRYPTIX,VALORANT,https://valorantcrosshair.org/crosshairs,2026-10-04,listing_observed_settings_unverified
research_050,Vice,VALORANT,https://valorantcrosshair.org/crosshairs,2026-10-04,listing_observed_settings_unverified
research_051,zekken,VALORANT,https://valorantcrosshair.org/crosshairs,2026-10-04,listing_observed_settings_unverified
research_052,Dephh,VALORANT,https://valorantcrosshair.org/crosshairs,2026-10-04,listing_observed_settings_unverified
research_053,Cryocells,VALORANT,https://valorantcrosshair.org/crosshairs,2026-10-04,listing_observed_settings_unverified
research_054,Brax,VALORANT,https://valorantcrosshair.org/crosshairs,2026-10-04,listing_observed_settings_unverified
research_055,Curry,VALORANT,https://valorantcrosshair.org/crosshairs,2026-10-04,listing_observed_settings_unverified
research_056,Steel,VALORANT,https://valorantcrosshair.org/crosshairs,2026-10-04,listing_observed_settings_unverified
research_057,Dicey,VALORANT,https://valorantcrosshair.org/crosshairs,2026-10-04,listing_observed_settings_unverified
research_058,Babybay,VALORANT,https://valorantcrosshair.org/crosshairs,2026-10-04,listing_observed_settings_unverified
research_059,ZachaREEE,VALORANT,https://valorantcrosshair.org/crosshairs,2026-10-04,listing_observed_settings_unverified
research_060,Keloqz,VALORANT,https://valorantcrosshair.org/crosshairs,2026-10-04,listing_observed_settings_unverified
research_061,Lowel,VALORANT,https://valorantcrosshair.org/crosshairs,2026-10-04,listing_observed_settings_unverified
research_062,Hazed,VALORANT,https://valorantcrosshair.org/crosshairs,2026-10-04,listing_observed_settings_unverified
research_063,Wippie,VALORANT,https://valorantcrosshair.org/crosshairs,2026-10-04,listing_observed_settings_unverified
research_064,Zellsis,VALORANT,https://valorantcrosshair.org/crosshairs,2026-10-04,listing_observed_settings_unverified
research_065,Effys,VALORANT,https://valorantcrosshair.org/crosshairs?page=2&q=,2026-10-04,listing_observed_settings_unverified
research_066,Zander,VALORANT,https://valorantcrosshair.org/crosshairs?page=2&q=,2026-10-04,listing_observed_settings_unverified
research_067,Myth,VALORANT,https://valorantcrosshair.org/crosshairs?page=2&q=,2026-10-04,listing_observed_settings_unverified
research_068,Corey,VALORANT,https://valorantcrosshair.org/crosshairs?page=2&q=,2026-10-04,listing_observed_settings_unverified
research_069,Zyppan,VALORANT,https://valorantcrosshair.org/crosshairs?page=2&q=,2026-10-04,listing_observed_settings_unverified
research_070,Ardiis,VALORANT,https://valorantcrosshair.org/crosshairs?page=2&q=,2026-10-04,listing_observed_settings_unverified
research_071,Shao,VALORANT,https://valorantcrosshair.org/crosshairs?page=2&q=,2026-10-04,listing_observed_settings_unverified
research_072,ANGE1,VALORANT,https://valorantcrosshair.org/crosshairs?page=2&q=,2026-10-04,listing_observed_settings_unverified
research_073,Rhyme,VALORANT,https://valorantcrosshair.org/crosshairs?page=2&q=,2026-10-04,listing_observed_settings_unverified
research_074,Nadeshot,VALORANT,https://valorantcrosshair.org/crosshairs?page=2&q=,2026-10-04,listing_observed_settings_unverified
research_075,Zeek,VALORANT,https://valorantcrosshair.org/crosshairs?page=2&q=,2026-10-04,listing_observed_settings_unverified
research_076,BONECOLD,VALORANT,https://valorantcrosshair.org/crosshairs?page=2&q=,2026-10-04,listing_observed_settings_unverified
research_077,Kiles,VALORANT,https://valorantcrosshair.org/crosshairs?page=2&q=,2026-10-04,listing_observed_settings_unverified
research_078,Starxo,VALORANT,https://valorantcrosshair.org/crosshairs?page=2&q=,2026-10-04,listing_observed_settings_unverified
research_079,Leaf,VALORANT,https://valorantcrosshair.org/crosshairs?page=2&q=,2026-10-04,listing_observed_settings_unverified
research_080,Vanity,VALORANT,https://valorantcrosshair.org/crosshairs?page=2&q=,2026-10-04,listing_observed_settings_unverified
research_081,Xeta,VALORANT,https://valorantcrosshair.org/crosshairs?page=2&q=,2026-10-04,listing_observed_settings_unverified
research_082,Mitch,VALORANT,https://valorantcrosshair.org/crosshairs?page=2&q=,2026-10-04,listing_observed_settings_unverified
research_083,Xeppaa,VALORANT,https://valorantcrosshair.org/crosshairs?page=2&q=,2026-10-04,listing_observed_settings_unverified
research_084,Kanpeki,VALORANT,https://valorantcrosshair.org/crosshairs?page=2&q=,2026-10-04,listing_observed_settings_unverified
research_085,Zombs,VALORANT,https://valorantcrosshair.org/crosshairs?page=2&q=,2026-10-04,listing_observed_settings_unverified
research_086,Sheydos,VALORANT,https://valorantcrosshair.org/crosshairs?page=2&q=,2026-10-04,listing_observed_settings_unverified
research_087,D3ffo,VALORANT,https://valorantcrosshair.org/crosshairs?page=2&q=,2026-10-04,listing_observed_settings_unverified
research_088,Chronicle,VALORANT,https://valorantcrosshair.org/crosshairs?page=2&q=,2026-10-04,listing_observed_settings_unverified
research_089,Redgar,VALORANT,https://valorantcrosshair.org/crosshairs?page=2&q=,2026-10-04,listing_observed_settings_unverified
research_090,Mendo,VALORANT,https://valorantcrosshair.org/crosshairs?page=2&q=,2026-10-04,listing_observed_settings_unverified
research_091,Big Heart,VALORANT,https://valorantcrosshair.org/crosshairs?page=2&q=,2026-10-04,listing_observed_settings_unverified
research_092,Pink Heart,VALORANT,https://valorantcrosshair.org/crosshairs?page=2&q=,2026-10-04,listing_observed_settings_unverified
research_093,Heart,VALORANT,https://valorantcrosshair.org/crosshairs?page=2&q=,2026-10-04,listing_observed_settings_unverified
research_094,Aleko,VALORANT,https://valorantcrosshair.org/crosshairs?page=2&q=,2026-10-04,listing_observed_settings_unverified
research_095,The Throb,VALORANT,https://valorantcrosshair.org/crosshairs?page=2&q=,2026-10-04,listing_observed_settings_unverified
research_096,Meddo,VALORANT,https://valorantcrosshair.org/crosshairs?page=2&q=,2026-10-04,listing_observed_settings_unverified
research_097,Hoody,VALORANT,https://valorantcrosshair.org/crosshairs?page=2&q=,2026-10-04,listing_observed_settings_unverified
research_098,AvovA,VALORANT,https://valorantcrosshair.org/crosshairs?page=2&q=,2026-10-04,listing_observed_settings_unverified
research_099,Nukkye,VALORANT,https://valorantcrosshair.org/crosshairs?page=2&q=,2026-10-04,listing_observed_settings_unverified
research_100,Nivera,VALORANT,https://valorantcrosshair.org/crosshairs?page=2&q=,2026-10-04,listing_observed_settings_unverified
research_101,Jamppi,VALORANT,https://valorantcrosshair.org/crosshairs?page=2&q=,2026-10-04,listing_observed_settings_unverified
research_102,L1NK,VALORANT,https://valorantcrosshair.org/crosshairs?page=2&q=,2026-10-04,listing_observed_settings_unverified
research_103,Soulcas,VALORANT,https://valorantcrosshair.org/crosshairs?page=2&q=,2026-10-04,listing_observed_settings_unverified
research_104,Jinggg,VALORANT,https://valorantcrosshair.org/crosshairs?page=2&q=,2026-10-04,listing_observed_settings_unverified
research_105,d4v41,VALORANT,https://valorantcrosshair.org/crosshairs?page=2&q=,2026-10-04,listing_observed_settings_unverified
research_106,Benkai,VALORANT,https://valorantcrosshair.org/crosshairs?page=2&q=,2026-10-04,listing_observed_settings_unverified
research_107,f0rsakeN,VALORANT,https://valorantcrosshair.org/crosshairs?page=2&q=,2026-10-04,listing_observed_settings_unverified
research_108,mindfreak,VALORANT,https://valorantcrosshair.org/crosshairs?page=2&q=,2026-10-04,listing_observed_settings_unverified
research_109,Tennn,VALORANT,https://valorantcrosshair.org/crosshairs?page=2&q=,2026-10-04,listing_observed_settings_unverified
research_110,SugarZ3ro,VALORANT,https://valorantcrosshair.org/crosshairs?page=2&q=,2026-10-04,listing_observed_settings_unverified
research_111,Dep,VALORANT,https://valorantcrosshair.org/crosshairs?page=2&q=,2026-10-04,listing_observed_settings_unverified
research_112,Crow,VALORANT,https://valorantcrosshair.org/crosshairs?page=2&q=,2026-10-04,listing_observed_settings_unverified
research_113,Laz,VALORANT,https://valorantcrosshair.org/crosshairs?page=2&q=,2026-10-04,listing_observed_settings_unverified
research_114,trent,VALORANT,https://valorantcrosshair.org/crosshairs?page=2&q=,2026-10-04,listing_observed_settings_unverified
research_115,Sayaplayer,VALORANT,https://valorantcrosshair.org/crosshairs?page=2&q=,2026-10-04,listing_observed_settings_unverified
research_116,JonahP,VALORANT,https://valorantcrosshair.org/crosshairs?page=2&q=,2026-10-04,listing_observed_settings_unverified
research_117,valyn,VALORANT,https://valorantcrosshair.org/crosshairs?page=2&q=,2026-10-04,listing_observed_settings_unverified
research_118,neT,VALORANT,https://valorantcrosshair.org/crosshairs?page=2&q=,2026-10-04,listing_observed_settings_unverified
research_119,Sacy,VALORANT,https://valorantcrosshair.org/crosshairs?page=2&q=,2026-10-04,listing_observed_settings_unverified
research_120,Saadhak,VALORANT,https://valorantcrosshair.org/crosshairs?page=2&q=,2026-10-04,listing_observed_settings_unverified
research_121,PANcada,VALORANT,https://valorantcrosshair.org/crosshairs?page=2&q=,2026-10-04,listing_observed_settings_unverified
research_122,LESS,VALORANT,https://valorantcrosshair.org/crosshairs?page=2&q=,2026-10-04,listing_observed_settings_unverified
research_123,Aspas,VALORANT,https://valorantcrosshair.org/crosshairs?page=2&q=,2026-10-04,listing_observed_settings_unverified
research_124,Marved,VALORANT,https://valorantcrosshair.org/crosshairs?page=2&q=,2026-10-04,listing_observed_settings_unverified
research_125,Reyna Flash,VALORANT,https://valorantcrosshair.org/crosshairs?page=2&q=,2026-10-04,listing_observed_settings_unverified
research_126,Circle Dot,VALORANT,https://valorantcrosshair.org/crosshairs?page=2&q=,2026-10-04,listing_observed_settings_unverified
research_127,fishychair,VALORANT,https://valorantcrosshair.org/crosshairs?page=2&q=,2026-10-04,listing_observed_settings_unverified
research_128,Cloud,VALORANT,https://valorantcrosshair.org/crosshairs?page=2&q=,2026-10-04,listing_observed_settings_unverified
research_129,slashzz,CS2,https://cs2crosshair.org/,2026-10-04,listing_observed_settings_unverified
research_130,roz,CS2,https://cs2crosshair.org/,2026-10-04,listing_observed_settings_unverified
research_131,poizon,CS2,https://cs2crosshair.org/,2026-10-04,listing_observed_settings_unverified
research_132,NBK-,CS2,https://cs2crosshair.org/,2026-10-04,listing_observed_settings_unverified
research_133,pancc,CS2,https://cs2crosshair.org/,2026-10-04,listing_observed_settings_unverified
research_134,lov1kus,CS2,https://cs2crosshair.org/,2026-10-04,listing_observed_settings_unverified
research_135,daps,CS2,https://cs2crosshair.org/,2026-10-04,listing_observed_settings_unverified
research_136,Zy88,CS2,https://cs2crosshair.org/,2026-10-04,listing_observed_settings_unverified
research_137,AMC,CS2,https://cs2crosshair.org/,2026-10-04,listing_observed_settings_unverified
research_138,w0nderful,CS2,https://cs2crosshair.org/,2026-10-04,listing_observed_settings_unverified
research_139,choiv7,CS2,https://cs2crosshair.org/,2026-10-04,listing_observed_settings_unverified
research_140,BELCHONOKK,CS2,https://cs2crosshair.org/,2026-10-04,listing_observed_settings_unverified
research_141,Roninbaby,CS2,https://cs2crosshair.org/,2026-10-04,listing_observed_settings_unverified
research_142,reck,CS2,https://cs2crosshair.org/,2026-10-04,listing_observed_settings_unverified
research_143,WolfY,CS2,https://cs2crosshair.org/,2026-10-04,listing_observed_settings_unverified
research_144,kicking,CS2,https://cs2crosshair.org/,2026-10-04,listing_observed_settings_unverified
research_145,Pr0mise,CS2,https://cs2crosshair.org/,2026-10-04,listing_observed_settings_unverified
research_146,npl,CS2,https://cs2crosshair.org/,2026-10-04,listing_observed_settings_unverified
research_147,w1nt3r,CS2,https://cs2crosshair.org/,2026-10-04,listing_observed_settings_unverified
research_148,Furlan,CS2,https://cs2crosshair.org/,2026-10-04,listing_observed_settings_unverified
research_149,Cooper,CS2,https://cs2crosshair.org/,2026-10-04,listing_observed_settings_unverified
research_150,aleph,CS2,https://cs2crosshair.org/,2026-10-04,listing_observed_settings_unverified
research_151,xavi,CS2,https://cs2crosshair.org/,2026-10-04,listing_observed_settings_unverified
research_152,Lekr0,CS2,https://cs2crosshair.org/,2026-10-04,listing_observed_settings_unverified
research_153,foggers,CS2,https://cs2crosshair.org/,2026-10-04,listing_observed_settings_unverified
research_154,r1nkle,CS2,https://cs2crosshair.org/,2026-10-04,listing_observed_settings_unverified
research_155,LUCAS1,CS2,https://cs2crosshair.org/,2026-10-04,listing_observed_settings_unverified
research_156,Halen,CS2,https://cs2crosshair.org/,2026-10-04,listing_observed_settings_unverified
research_157,d0jca,CS2,https://cs2crosshair.org/,2026-10-04,listing_observed_settings_unverified
research_158,lux,CS2,https://cs2crosshair.org/,2026-10-04,listing_observed_settings_unverified
research_159,Randyyyy,CS2,https://cs2crosshair.org/,2026-10-04,listing_observed_settings_unverified
research_160,hades,CS2,https://cs2crosshair.org/,2026-10-04,listing_observed_settings_unverified
research_161,seabraez,CS2,https://cs2crosshair.org/,2026-10-04,listing_observed_settings_unverified
research_162,koala,CS2,https://cs2crosshair.org/,2026-10-04,listing_observed_settings_unverified
research_163,NertZ,CS2,https://cs2crosshair.org/,2026-10-04,listing_observed_settings_unverified
research_164,sakamoto,CS2,https://cs2crosshair.org/,2026-10-04,listing_observed_settings_unverified
research_165,Wonder,CS2,https://cs2crosshair.org/,2026-10-04,listing_observed_settings_unverified
research_166,gla1ve,CS2,https://cs2crosshair.org/,2026-10-04,listing_observed_settings_unverified
research_167,Sarkasm,CS2,https://cs2crosshair.org/,2026-10-04,listing_observed_settings_unverified
research_168,white,CS2,https://cs2crosshair.org/,2026-10-04,listing_observed_settings_unverified
research_169,Jad0R1x,CS2,https://cs2crosshair.org/,2026-10-04,listing_observed_settings_unverified
research_170,LAYM,CS2,https://cs2crosshair.org/,2026-10-04,listing_observed_settings_unverified
research_171,Voltage,CS2,https://cs2crosshair.org/,2026-10-04,listing_observed_settings_unverified
research_172,Zuhn,CS2,https://cs2crosshair.org/,2026-10-04,listing_observed_settings_unverified
research_173,Jester,CS2,https://cs2crosshair.org/,2026-10-04,listing_observed_settings_unverified
research_174,MrMRVLS,CS2,https://cs2crosshair.org/,2026-10-04,listing_observed_settings_unverified
research_175,prakM,CS2,https://cs2crosshair.org/,2026-10-04,listing_observed_settings_unverified
research_176,Joshyy,CS2,https://cs2crosshair.org/,2026-10-04,listing_observed_settings_unverified
research_177,HorizoN,CS2,https://cs2crosshair.org/,2026-10-04,listing_observed_settings_unverified
research_178,iM,CS2,https://cs2crosshair.org/,2026-10-04,listing_observed_settings_unverified
research_179,P3tr0X,CS2,https://cs2crosshair.org/,2026-10-04,listing_observed_settings_unverified
research_180,tripex17,CS2,https://cs2crosshair.org/,2026-10-04,listing_observed_settings_unverified
research_181,marekiew,CS2,https://cs2crosshair.org/,2026-10-04,listing_observed_settings_unverified
research_182,jame,CS2,https://cs2crosshair.org/,2026-10-04,listing_observed_settings_unverified
research_183,Grim,CS2,https://cs2crosshair.org/,2026-10-04,listing_observed_settings_unverified
research_184,LittleBEER,CS2,https://cs2crosshair.org/,2026-10-04,listing_observed_settings_unverified
research_185,Ganginho,CS2,https://cs2crosshair.org/,2026-10-04,listing_observed_settings_unverified
research_186,Folke,CS2,https://cs2crosshair.org/,2026-10-04,listing_observed_settings_unverified
research_187,heartZ,CS2,https://cs2crosshair.org/,2026-10-04,listing_observed_settings_unverified
research_188,Geneka,CS2,https://cs2crosshair.org/,2026-10-04,listing_observed_settings_unverified
research_189,cadiaN,CS2,https://cs2crosshair.org/,2026-10-04,listing_observed_settings_unverified
research_190,twigs,CS2,https://cs2crosshair.org/,2026-10-04,listing_observed_settings_unverified
research_191,superior preci,CS2,https://cs2crosshair.org/,2026-10-04,listing_observed_settings_unverified
research_192,Kras,CS2,https://cs2crosshair.org/,2026-10-04,listing_observed_settings_unverified
research_193,HenX,CS2,https://cs2crosshair.org/,2026-10-04,listing_observed_settings_unverified
research_194,Qikert,CS2,https://cs2crosshair.org/,2026-10-04,listing_observed_settings_unverified
research_195,Xyp9x,CS2,https://cs2crosshair.org/,2026-10-04,listing_observed_settings_unverified
research_196,Daiyuking,CS2,https://cs2crosshair.org/,2026-10-04,listing_observed_settings_unverified
research_197,ct0m,CS2,https://cs2crosshair.org/,2026-10-04,listing_observed_settings_unverified
research_198,icarus,CS2,https://cs2crosshair.org/,2026-10-04,listing_observed_settings_unverified
research_199,Small Dot,VALORANT,https://www.vcrdb.net/,2026-10-04,listing_observed_settings_unverified
research_200,TenZ,VALORANT,https://www.vcrdb.net/,2026-10-04,listing_observed_settings_unverified
research_201,yay,VALORANT,https://www.vcrdb.net/,2026-10-04,listing_observed_settings_unverified
research_202,Florescent,VALORANT,https://www.vcrdb.net/,2026-10-04,listing_observed_settings_unverified
research_203,nawy,VALORANT,https://www.vcrdb.net/,2026-10-04,listing_observed_settings_unverified
research_204,Venexx,VALORANT,https://www.vcrdb.net/,2026-10-04,listing_observed_settings_unverified
research_205,Stretched,VALORANT,https://www.vcrdb.net/,2026-10-04,listing_observed_settings_unverified
research_206,AIMBOT DOT,VALORANT,https://www.vcrdb.net/,2026-10-04,listing_observed_settings_unverified
research_207,marteen,VALORANT,https://www.vcrdb.net/,2026-10-04,listing_observed_settings_unverified
research_208,f0rsaken new,VALORANT,https://www.vcrdb.net/,2026-10-04,listing_observed_settings_unverified
research_209,radiant,VALORANT,https://www.vcrdb.net/,2026-10-04,listing_observed_settings_unverified
research_210,BEST DOT EVER,VALORANT,https://www.vcrdb.net/,2026-10-04,listing_observed_settings_unverified
research_211,Demon1,VALORANT,https://www.vcrdb.net/,2026-10-04,listing_observed_settings_unverified
research_212,aimbot 3,VALORANT,https://www.vcrdb.net/,2026-10-04,listing_observed_settings_unverified
research_213,black star,VALORANT,https://www.vcrdb.net/,2026-10-04,listing_observed_settings_unverified
research_214,Star of David,VALORANT,https://www.vcrdb.net/,2026-10-04,listing_observed_settings_unverified
research_215,got me radiant,VALORANT,https://www.vcrdb.net/,2026-10-04,listing_observed_settings_unverified
research_216,Ace Cross,VALORANT,https://www.vcrdb.net/,2026-10-04,listing_observed_settings_unverified
research_217,nAts,VALORANT,https://www.vcrdb.net/,2026-10-04,listing_observed_settings_unverified
research_218,Aimbot,VALORANT,https://www.vcrdb.net/,2026-10-04,listing_observed_settings_unverified
research_219,Underrated Shi,VALORANT,https://www.vcrdb.net/,2026-10-04,listing_observed_settings_unverified
research_220,one tap,VALORANT,https://www.vcrdb.net/,2026-10-04,listing_observed_settings_unverified
research_221,GOOGLY EYE,VALORANT,https://www.vcrdb.net/,2026-10-04,listing_observed_settings_unverified
research_222,star,VALORANT,https://www.vcrdb.net/,2026-10-04,listing_observed_settings_unverified
